<?xml version="1.0" encoding="UTF-8"?>
<project-private xmlns="http://www.netbeans.org/ns/project-private/1">
    <editor-bookmarks xmlns="http://www.netbeans.org/ns/editor-bookmarks/2" lastBookmarkId="0"/>
    <open-files xmlns="http://www.netbeans.org/ns/projectui-open-files/2">
        <group>
            <file>file:/D:/Mackenzie/Programação/Projeto/Projeto/src/Projeto/CarroWeb.java</file>
            <file>file:/D:/Mackenzie/Programação/Projeto/Projeto/src/Projeto/Servidor.java</file>
            <file>file:/D:/Mackenzie/Programação/Projeto/Projeto/src/Projeto/Carro.java</file>
            <file>file:/D:/Mackenzie/Programação/Projeto/Projeto/src/Projeto/ContaBancaria.java</file>
            <file>file:/D:/Mackenzie/Programação/Projeto/Projeto/src/Projeto/ContaBancariaDAO.java</file>
            <file>file:/D:/Mackenzie/Programação/Projeto/Projeto/src/Projeto/CarroDAO.java</file>
            <file>file:/D:/Mackenzie/Programação/Projeto/Projeto/src/Projeto/ContaWeb.java</file>
        </group>
    </open-files>
</project-private>
